EIIN,INSTITUTE NAME
103086,ALI KADAM GOVT. HIGH SCHOOL
103087,ALIKADAM RESIDENTIAL SCHOOL
103088,ALI KADAM GIRLS HIGH SCHOOL
103089,CHAYKONG MODEL HIGH SCHOOL
103091,DONBOSCO HIGH SCHOOL
103092,BANDARBAN GOVT. HIGH SCHOOL
103093,BANDARBAN GOVT. GIRLS HIGH SCHOOL
103094,RAJBILA HIGH SCHOOL
103095,BAGMARA JUNIOR HIGH SCHOOL
103096,MRO ABASIK HIGH SCHOOL
103097,BALA GHATA BALKICHH BEGUM HIGH SCHOOL
103098,SUALOK HIGH SCHOOL
103099,AL-FAROQUE INSTITUTE
103100,CHIMBUK HIGH SCHOOL
103101,RAISA HIGH SCHOOL
103102,CHEMIDUL PARA HIGH SCHOOL
103103,SANGU HIGH SCHOOL
103108,LAMA GOVT. HIGH SCHOOL
103109,CHAMBI HIGH SCHOOL
103110,FASIAKHALI HIGH SCHOOL
103111,GAZALIA HIGH SCHOOL
103112,SAROI JUNIOR HIGH SCHOOL
103113,LAMA GIRLS HIGH SCHOOL
103114,RUPASHI PARA HIGH SCHOOL
103115,HAIDERNASHI HIGH SCHOOL
103116,FAITONG JUNIOR HIGH SCHOOL
103117,LAMA MUKH HIGH SCHOOL
103118,YEANGCHA JUNIOR HIGH SCHOOL
103120,HARGAZA JUNIOR HIGH SCHOOL
103126,NAIKKHANG CHHARI GIRLS HIGH SCHOOL
103127,GUMDUM HIGH SCHOOL
103128,NAIKKHANG CHHARI S. A. GOVT. HIGH SCHOOL
103129,BAISHARI HIGH SCHOOL
103131,SONAICHARI HIGH SCHOOL
103137,ROANGCHHARI GOVT. HIGH SCHOOL
103141,RUMA GOVT. HIGH SCHOOL
103143,RUMA UPAJATIYO RESIDENTIAL HIGH SCHOOL
103144,RUMA JUNIOR HIGH SCHOOL
103147,BALIPARA BAZAR HIGH SCHOOL
103148,THANCHI HIGH SCHOOL
104002,UPAKULIYO ADARSHA HIGH SCHOOL
104003,ANWARA GOVT. MODEL HIGH SCHOOL
104004,POROIKORA NOYON TARA HIGH SCHOOL
104005,BOTTALI SHAH MOHSEN AULIA(R.) HIGH SCHOOL
104006,ANOWARA GIRLS HIGH SCHOOL
104007,NITYA NANDA HIGH SCHOOL
104008,KOINPURA HIGH SCHOOL
104009,TOILARDWIP BARAKHAIN ERSHAD ALI HIGH SCHOOL
104010,CHATARI UNION HIGH SCHOOL
104011,BOSHIRUZZAMAN MEMORIAL EDUCATION CENTRE
104012,ROYPUR UNION HIGH SCHOOL
104013,BORUMCHARA SHAHID BASHARUZZAMAN HIGH SCHOOL
104014,SINGHARA RAMKANAI HIGH SCHOOL
104015,EAST BOROIYA T. M. C. HIGH SCHOOL
104016,JHE. BA. SHE. HIGH SCHOOL
104017,GUAPANCHAK HIGH SCHOOL
104018,MAHATA PATNI KOTA HIGH SCHOOL
104019,KHAS KHAMA GIRLS HIGH SCHOOL
104020,BHAKTIA PARA CHARPIR AULIA(R) HIGH SCHOOL
104021,J. K. S. HIGH SCHOOL
104022,HAJEEGAON SHOLKATA SAWAR JAMAL NIZAM HIGH SCHOOL
104024,PIRKHINE MOULANA ASHRAF CHOWDHURY JUNIOR HIGH SCHOOL
104041,IMARATUNNESA CITY CORP. GIRLS HIGH SCHOOL
104042,SERMON SCHOOL & COLLEGE
104043,BAYEZID LINE HIGH SCHOOL
104045,SHER-SHAH COLONY DR. MAZHARUL HOQ HIGH SCHOOL
104046,FATEYABAD GIRLS HIGH SCHOOL
104047,ARMED POLICE BATTLION PUBLIC SCHOOL
104051,CHITTAGONG PUBLIC SCHOOL & COLLEGE
104053,KULGAON CITY CORP. HIGH SCHOOL
104054,MONAEM SHAH AWLIA HIGH SCHOOL
104055,BANSHKHALI GIRLS HIGH SCHOOL
104056,CHHANUA KADERIA HIGH SCHOOL
104057,BANSHKHALI ADARSHA HIGH SCHOOL
104058,BOILCHHARI NOZMUNNESA HIGH SCHOOL
104059,BANIGRAM SADHANPUR HIGH SCHOOL
104060,KALIPUR EZHARUL HOQUE HIGH SCHOOL
104061,SADHANPUR POLLI UNNAYAN HIGH SCHOOL
104062,NAPORA SHEKHERKHEEL HIGH SCHOOL
104063,CHAMBAL HIGH SCHOOL
104064,NATMURA PUKURIA HIGH SCHOOL
104065,PASCHIM BANSHKHALI HIGH SCHOOL & COLLEGE
104066,NASERA KHATUN R. K. GIRLS HIGH SCHOOL
104067,HAZIGOAN BORUMCHARA HIGH SCHOOL
104068,KOKADONDI GUNAGARI HIGH SCHOOL
104069,SARAL AMIRIA HIGH SCHOOL
104070,PUICHHARI IZZATIA ADARSHA HIGH SCHOOL
104071,KATHARIA BAGMARA HIGH SCHOOL
104072,BANSKHALI GOVERNMENT HIGH SCHOOL
104073,GONDAMARA BARO GHONA HIGH SCHOOL
104074,B. B. CHOWDHURY HIGH SCHOOL
104075,SADHANPUR GIRLS HIGH SCHOOL
104076,BAHAR CHHARA RATNAPUR SECONDARY SCHOOL
104077,RAICHATA PREMASHIA ADARSHA HIGH SCHOOL
104078,KHANKHANABAD IDEAL HIGH SCHOOL
104104,AL-HAJ TAZUL ISLAM HIGH SCHOOL
104105,MERN SUN SCHOOL & COLLEGE
104106,DAKKHIN PASCHIM BAKALIA HIGH SCHOOL
104107,JULEKHA AMINUR RAHMAN CITY CORPORATION HIGH SCHOOL
104109,HAZI AZGAR ALI HIGH SCHOOL
104110,EAST KADHURKHIL HIGH SCHOOL
104111,KADHURKHIL UNITED MUSLIM HIGH SCHOOL
104112,GOMDANDI PILOT MODEL HIGH SCHOOL
104113,KADHURKHIL HIGH SCHOOL
104114,P. C. SEN SAROWATOLI HIGH SCHOOL
104115,KADHURKHIL GIRLS HIGH SCHOOL
104116,SHAKPURA ADARSHA HIGH SCHOOL
104117,CHARANDWIP DEWAN BIBI HIGH SCHOOL
104118,MUKTAKESHI GIRLS HIGH SCHOOL
104119,SHAKPURA PROBARTAK PILOT KONYABIDYAPIT
104120,KANUNGOPARA DR. BIBHUTI BHUSHAN HIGH SCHOOL
104121,SREE ARABINDA GIRLS HIGH SCHOOL
104122,BENGURA K. B. K. R. GIRLS HIGH SCHOOL
104123,F. R. N. HOQ HIGH SCHOOL
104124,IQBAL PARK GIRLS HIGH SCHOOL
104125,HAWLA HIGH SCHOOL
104126,NORTH BHUSHI ANNADA JIBON HIGH SCHOOL
104127,WEST KADHUR KHIL HIGH SCHOOL
104128,KHARAN DWIP MULTILATERAL HIGH SCHOOL
104129,SYEDPUR BOHUMUKHI HIGH SCHOOL
104130,CHARANDWIP U/C HIGH SCHOOL
104131,SAROWATOLI IBRAHIM NUR MOHAMMAD HIGH SCHOOL
104132,JAISTAPURA RAMANI MOHAN HIGH SCHOOL
104133,SHREEPUR KHARANDWIP GIRLS HIGH SCHOOL
104134,AKUBDANDI WARES MOHSENA HIGH SCHOOL
104135,UTTAR GOMDANDI HIGH SCHOOL
104136,PURBA GOMDANDI ALHAJ BUDRUCH MEHER HIGH SCHOOL
104156,KESHUYA HIGH SCHOOL
104157,DOHAZARI JAMIJURI GIRLS HIGH SCHOOL
104158,EAST SAT BARIA HIGH SCHOOL
104159,JAFARABAD HIGH SCHOOL
104160,DIAKUL SANOWARA MODEL HIGH SCHOOL
104161,KHAN DIGHI HIGH SCHOOL
104162,HASONDONDI HIGH SCHOOL
104163,BOILTOLI HIGH SCHOOL
104164,JOARA B. CHOWDHURY HIGH SCHOOL
104165,KANAIMADARI DR. OLI AHMAD BIR BIKRAM HIGH SCHOOL
104166,FATE NAGAR S. N. GIRLS HIGH SCHOOL
104167,GACH BARIA N. G. HIGH SCHOOL
104168,DOHAJARI JAMIJURY ABDUR RAHMAN HIGH SCHOOL
104169,FATEMA JINNAH GIRLS HIGH SCHOOL
104170,KANCHANABAD HIGH SCHOOL
104171,BORMA TRAHI MENKA HIGH SCHOOL
104172,SUCHIYA RAMKRISHNA HIGH SCHOOL
104173,SAT BARIA HIGH SCHOOL
104174,BARKAL S. Z. HIGH SCHOOL
104175,CHAMU DARIA UNITED INSTITUTE
104176,HASHIMPUR M. A. K. U. HIGH SCHOOL
104178,KASEM MAHBUB HIGH SCHOOL
104179,GASBARIA MAMTAJ BEGUM SECONDARY GIRLS SCHOOL
104180,BORKAL ABDUL HAI ANOWARA BEGUM GIRLS HIGH SCHOOL
104204,BEGUM GUL-CHAMAN ARA ACADEMY
104206,BAKOLIA HIGH SCHOOL
104207,Abdul Latif Khan High School
104209,BAKOLIA GOVT. HIGH SCHOOL
104210,BAKOLIA ADARSHA GIRLS HIGH SCHOOL
104212,EAST BAKOLIA CITY CORP. GIRLS HIGH SCHOOL
104213,CHANDGAON N. M. C. ADARSHA HIGH SCHOOL
104215,MIRZA AHMAD ISPAHANI SMRITI BIDYALAYA
104216,NURUL ISLAM MUNICIPAL SECONDARY GIRLS SCHOOL
104217,MOHORA S. K. Q. GIRLS HIGH SCHOOL
104218,CHAR CHAKTAI CITY CORP. HIGH SCHOOL
104219,Chittagong Jute Manufacturing High School
104220,ALHAJ ANWARA BEGUM HIGH SCHOOL
104221,SANOWARA SECONDARY SCHOOL
104222,ABDUL HAMID SOWDAGAR HIGH SCHOOL
104223,HASNE HENA GIRLS HIGH SCHOOL
104225,MUHAMMAD KAMAL UDDIN HIGH SCHOOL
104226,SANOWARA ISLAM BOYS HIGH SCHOOL
104239,POTENGA HIGH SCHOOL
104241,HALISHAHOR BEGUMJAN HIGH SCHOOL
104242,HALISHAHOR AHMED MIAH CITY CORP. GIRLS HIGH SCHOOL
104243,EASTERN REFINERY HIGH SCHOOL
104244,HALISHAHOR MEHER AFJAL HIGH SCHOOL
104245,T. S. P. COMPLEX SECONDARY SCHOOL
104246,PORT AUTHORITY GIRLS HIGH SCHOOL
104247,PORT AUTHORITY HIGH SCHOOL
104248,CHITTAGONG AIRPORT HIGH SCHOOL
104249,STEEL MILLS HIGH SCHOOL
104250,HALISHAHAR MUNSHIPARA HIGH SCHOOL
104251,SOUTH HALISHAHOR HIGH SCHOOL
104252,NIMTALA HIGH SCHOOL
104253,SOUTH PATENGA CITY CORPORATION HIGH SCHOOL
104254,MAIZPARA MAHMUDUNNABI CHY HIGH SCHOOL
104263,BEPZA PUBLIC SCHOOL & COLLEGE
104264,NOU-BAHINI HIGH SCHOOL AND COLLEGE
104265,B. A. F. SHAHEEN SCHOOL/COLLEGE
104267,POTENGA CITY CORP. GIRLS HIGH SCHOOL
104268,PATHANTULI KHAN SHAHEB ABDUL HAKIM HIGH SCHOOL
104269,KALOKAKOLI HIGH SCHOOL
104270,PATHANTULY KHAN SHAHEB CITY CORP. GIRLS HIGH SCHOOL
104271,PATHANTULY CITY CORP. BOYS HIGH SCHOOL
104272,CMP SCHOOL & COLLEGE
104273,CITY GOVT. GIRLS HIGH SCHOOL
104275,"COLLEGIATE SCHOOL, CHITTAGONG"
104276,EAST MADARBARI CITY CORP. GIRLS HIGH SCHOOL
104277,TICKET PRINTING PRESS COLONY HIGH SCHOOL
104278,WIRELESS JHAUTALA COLONY HIGH SCHOOL
104279,AGRABAD BALIKA BIDYALAY
104280,HATEY KHARI HIGH SCHOOL
104281,POSTAR PAR CITY CORP. BOYS HIGH SCHOOL
104282,BARIK MIAH HIGH SCHOOL
104283,WEST MADAR BARI CITY CORPORATION GIRLS HIGH SCHOOL
104284,G. R. K. (RAMKRISHNA) HIGH SCHOOL
104285,KHAJA AJMERI HIGH SCHOOL
104286,K. B. A. H. DOBHASH CITY CORP. GIRLS HIGH SCHOOL
104287,AL-JABER INSTITUTE
104288,AGRABAD GOVT. COLONY HIGH SCHOOL
104289,T & T HIGH SCHOOL
104291,BIDYUT UNNAYAN BOARD HIGH SCHOOL
104292,PATHANTULY CITY CORPORATION GIRLS HIGH SCHOOL
104293,SILVER BELLS GIRLS HIGH SCHOOL
104294,BANGLADESH BANK COLONY HIGH SCHOOL
104295,HOUSING AND SETTLEMENT PUBLIC SCHOOL
104296,FOREST COLONY GIRLS HIGH SCHOOL
104297,TIGER PASS HIGH SCHOOL
104298,RAILWAY EMPLOYEES GIRLS HIGH SCHOOL
104304,POSTAR PAR ASMA KHATUN CITY CORP. GIRLS HIGH SCHOOL
104305,NARAYANHAT GIRLS HIGH SCHOOL
104306,CHIKAN CHHARA HIGH SCHOOL
104307,LATIF RAHMAN HIGH SCHOOL
104308,JAHANARA MAMATAZ GIRLS HIGH SCHOOL
104309,BHUZPUR ADARSHA HIGH SCHOOL
104310,BHUZPUR NATIONAL HIGH SCHOOL
104311,DANTMARA AZIZA BADRUZZAMAN SIKDER HIGH SCHOOL
104312,NANUPUR GIRLS HIGH SCHOOL
104313,NORTH DHARMAPUR HIGH SCHOOL
104314,DOULATPUR ABDUL BARI CHOWDHURY HIGH SCHOOL
104315,MAIZBHANDAR GIRLS HIGH SCHOOL
104316,DHURUNG KHULSHI LIONS HIGH SCHOOL
104317,SHAHNAGAR BOHUMUKHI HIGH SCHOOL
104318,FATIK CHHARI GIRLS HIGH SCHOOL
104319,FATIKCHHARI CORONATION A. HIGH SCHOOL
104320,NAZIRHAT ADARSHA HIGH SCHOOL
104321,ROSANGIRI GIRLS HIGH SCHOOL
104322,MAIZBHANDAR AHMADIA HIGH SCHOOL
104323,ROSANGIRI HIGH SCHOOL
104324,HAIDCHAKIA MULTILATERAL HIGH SCHOOL
104325,BARMASIA A. K. HIGH SCHOOL
104326,JAHANPUR AMJAD ALI ABDUL HADI INSTITUTION
104327,NANUPUR ABU SOBHAN HIGH SCHOOL
104328,NARAYAN HAT HIGH SCHOOL
104329,BAKHTPUR DAYRABARI BOHUMUKHI HIGH SCHOOL
104330,DHARMAPUR HIGH SCHOOL
104331,PAINDANG HIGH SCHOOL
104332,KANCHAN NAGAR BOHU MUKHI HIGH SCHOOL
104333,SOMITIR HAT HIGH SCHOOL
104334,DHARMAPUR KAMAL KRISHNA GIRLS HIGH SCHOOL
104335,HARUYALCHHARI HIGH SCHOOL
104336,KHIRAM HIGH SCHOOL
104337,DR. MOHAMMAD ENAMUL HOQUE ACADEMY
104338,HASNABAD MADINATUL ARAB HIGH SCHOOL
104339,NAZIR HAT GIRLS HIGH SCHOOL
104340,HEYAKO BANANI HIGH SCHOOL
104341,MIRZARHAT HIGH SCHOOL
104342,BAGANBAZAR HIGH SCHOOL
104343,SHANTIR HAT HIGH SCHOOL
104344,BALUTILA IDEAL HIGH SCHOOL
104345,COLLEGIATE HIGH SCHOOL
104346,SUABIL HIGH SCHOOL
104347,GOZARIA JABUNNESA PARA HIGH SCHOOL
104348,BAKHTAPUR GIRLS HIGH SCHOOL
104349,AZIMPUR ADHARSHA HIGH SCHOOL
104350,SOUTH NICHINTAPUR HIGH SCHOOL
104351,RASULPUR JUNIOR HIGH SCHOOL
104352,SUABIL GIRLS HIGH SCHOOL
104353,AZIMNAGAR AHAMADIA RAHAMANIA HIGH SCHOOL
104354,RANGAMATIA HIGH SCHOOL
104355,GOPALGHATA HIGH SCHOOL
104356,SYED SYEDA MEMORIAL HIGH SCHOOL
104394,GULTAZ MEMORIAL SCHOOL & COLLEGE
104396,ALHAZ YEAKUB ALI GIRLS HIGH SCHOOL AND COLLEGE
104398,NORTH MADARSHA HIGH SCHOOL
104399,MIR NOWABUL HOQUE MEMORIAL HIGH SCHOOL
104400,FATEPUR HIGH SCHOOL
104401,ALIPUR RAHMANIA HIGH SCHOOL
104402,FATEPUR MEHERNEGA HIGH SCHOOL
104403,HATHAZARI GIRLS HIGH SCHOOL
104404,SOUTH MADARSHA S. S. M. HIGH SCHOOL
104405,KUYAISH BURISHCHAR SAMMILANI HIGH SCHOOL
104406,BIRSHRESHTHO MOHIUDDIN JAHANGIR CANTONMENT BOARD HIGH SCHOOL
104407,FATEHABAD MODEL MULTILATERAL HIGH SCHOOL
104409,CHITTAGONG CANTONMENT BOARD HIGH SCHOOL
104410,K. S. NOZU MIAH HIGH SCHOOL
104411,HATHAZARI PARBATI MODEL GOVT. HIGH SCHOOL
104412,NANGALMORA HIGH SCHOOL
104413,KATIRHAT HIGH SCHOOL
104414,FOTEYABAD MOHAKHALI GIRLS HIGH SCHOOL
104415,MADARSHA HIGH SCHOOL
104416,MIRZAPUR HIGH SCHOOL
104417,NAZIRHAT COLLEGIATE SCHOOL
104418,EIDGAH HIGH SCHOOL
104419,KATIR HAT GIRLS HIGH SCHOOL
104420,GARDUARA HIGH SCHOOL
104421,DR. SHAHIDULLAH ACADEMY
104422,FORHADABAD HIGH SCHOOL
104423,FATEYABAD SHOILABALA CITY CORPORATION GIRLS HIGH SCHOOL
104424,GUMAN MARDAN PESHKAR HAT HIGH SCHOOL
104425,JOBRA P. P. HIGH SCHOOL
104426,SOUTH MEKHAL HIGH SCHOOL
104427,KHONDAKIA CHIKON DONDI GIRLS HIGH SCHOOL
104428,ENAYET PUR HIGH SCHOOL
104429,ABUL KHAIR SIDDIQUEE GIRLS HIGH SCHOOL
104430,MEKHAL ADARSHA HIGH SCHOOL
104431,BURISHCHAR HIGH SCHOOL
104432,MIRZAPUR GIRLS HIGH SCHOOL
104433,WEST DHALAI HIGH SCHOOL
104434,CHARIA HIGH SCHOOL
104435,B. C. S. I. R. LABORATORY HIGH SCHOOL
104436,KATAKHALI HIGH SCHOOL
104437,FAZLUL KADER CHOWDHURY ADARSHA HIGH SCHOOL
104439,NAGENDRA NATH MOHAJON JR. HIGH SCHOOL
104440,CHITTAGONG RESIDENTIAL HIGH SCHOOL
104442,PASCHIM MIRZAPUR JUNOUR HIGH SCHOOL
104443,ALAMPUR IDEAL JUNIOR HIGH SCHOOL
104468,CHITTAGONG UNIVERSITY SCHOOL & COLLEGE
104469,AKBARIA HIGH SCHOOL
104470,MARINE ACADEMY SCHOOL & COLLEGE
104471,MORIOM ASHRAM HIGH SCHOOL
104472,KALARPOL HAZI MOHAMMAD OMRA MIAN CHOWDHURY BOHUMUKHI HIGH SCHOOL
104473,ABDUL JALIL CHOWDHURY MULTILATERAL (AGRI:) HIGH SCHOOL
104475,LAKHERA HIGH SCHOOL
104476,WEST GOMDANDI UNION HIGH SCHOOL
104477,CHAR LAKSHYA UNION HIGH SCHOOL
104478,DANGAR CHAR RAHAMANIA JUNIOR HIGH SCHOOL
104486,AYUB BIBI CITY CORPORATION SCHOOL & COLLEGE
104487,CHITTAGONG UREA FERTILIZER SCHOOL AND COLLEGE
104488,"HAZI MOHAMMAD MOHSIN GOVT. HIGH SCHOOL, CHITTAGONG"
104489,SHAHEED NAGAR CITY CORP. GIRLS HIGH SCHOOL
104490,APARNA CHARAN CITY CORPORATION GIRLS HIGH SCHOOL
104491,KAZEM ALI HIGH SCHOOL
104492,Chattogram City Corporation Municipal Model School and College
104493,JAMAL KHAN KUSUM KUMARI CITY CORP. GIRLS HIGH SCHOOL
104494,PAHARIKA GIRLS HIGH SCHOOL
104495,KRISHNA KUMARI CITY CORPORATION GIRLS HIGH SCHOOL
104496,DR. KHASTAGIR GOVT. GIRLS HIGH SCHOOL
104497,BOLUARDIGHI CITY CORP. GIRLS HIGH SCHOOL
104498,BAGMONIRAM A. RASHID CITY CORPORATION HIGH SCHOOL
104499,KADAM MOBARAK CITY CORP. HIGH SCHOOL
104500,SHAH WALIULLAH INSTITUTE
104501,B. RAILWAY STATION COLONY HIGH SCHOOL
104502,PATHORGHATA MENKA CITY CORP. GIRLS HIGH SCHOOL
104503,KADAM MOBARAK MONIRUZZAMAN YASLAMABADI HIGH SCHOOL
104504,RAILWAY PUBLIC HIGH SCHOOL
104505,AL-KARAN SULTAN AHMED DEWAN CITY CORP. GIRLS HIGH SCHOOL
104506,AL KARAN NUR AHMAD CITY CORP. HIGH SCHOOL
104507,J. M. SEN SCHOOL AND COLLEGE
104508,POLOGROUND HIGH SCHOOL
104509,YAKUB ALI DUBASH GIRLS HIGH SCHOOL
104510,LAMABAZAR ASAD ALI SOWDAGAR CITY CORPORATION HIGH SCHOOL
104511,ST. SCHOLASTICA GIRLS HIGH SCHOOL
104512,PATHORGHATA GIRLS HIGH SCHOOL
104513,ST. PLACIDS HIGH SCHOOL
104514,BAGMONIRAM SIRAZA KHATUN CITY CORPORATION GIRLS HIGH SCHOOL
104515,M. E. S. HIGH SCHOOL
104516,RAILWAY HOSPITAL COLONY CITY CORPORATION HIGH SCHOOL
104517,GUL-E-ZAR BEGUM MUSLIM CITY CORPORATION GIRLS HIGH SCHOOL
104518,GOVT. MUSLIM HIGH SCHOOL
104519,CHITTAGONG GOVT. HIGH SCHOOL
104520,SALEH JOHUR CITY CORPORATION HIGH SCHOOL
104522,HAZI CHAND MEAH SOWDAGAR HIGH SCHOOL
104534,BANGLADESH MOHILA SAMITI GIRLS HIGH SCHOOL AND COLLEGE
104535,KAPASGOLA CITY CORPORATION GIRLS HIGH SCHOOL
104539,KOLAUZAN SUKHCHHARI GOURA SUNDAR HIGH SCHOOL
104540,AKHTARABAD KUMIRAGHONA ADARSA JUNIOR SCHOOL
104541,PODUA A. C. M. HIGH SCHOOL
104542,SOUTH SATKANIA GOLAMBARI HIGH SCHOOL
104543,NORTH AMIRABAD M. B. HIGH SCHOOL
104544,CHUNTI HIGH SCHOOL
104545,ADHUNAGAR HIGH SCHOOL
104546,SUKHCHHARI HIGH SCHOOL
104547,KOLAUZAN DR. EAKUB BAZLUR RAHMAN SHIKDER HIGH SCHOOL
104548,PUTI BILA HIGH SCHOOL
104549,CHARAMBA HIGH SCHOOL
104550,LOHAGARA SHAHPIR PILOT HIGH SCHOOL
104552,B. G. SENERHAT HIGH SCHOOL
104553,AMIRABAD JANAKALYAN HIGH SCHOOL
104554,BORA HATIA ADARSHA HIGH SCHOOL
104555,AMIRABAD JANAKALYAN GIRLS HIGH SCHOOL
104556,ADHUNAGAR GUL-E-ZAR GIRLS HIGH SCHOOL
104557,LOHAGARA SUKHCHHARI UZIR BHITA HIGH SCHOOL
104558,M. H. NURUL ALAM CHOWDHURY MODEL HIGH SCHOOL
104559,WEST KALAUZAN SHAH MOJZIDIA HIGH SCHOOL
104560,ADHERMANIK P.D.C HIGH SCHOOL
104561,RASIDER GHONA HIGH SCHOOL
104562,UTTAR PADUA HIGH SCHOOL
104563,MAIJBILA OLI AHAMAD BIR BIKRAM HIGH SCHOOL
104564,S. I. CHOWDHURY GIRLS HIGH SCHOOL
104565,GOURSTAN HIGH SCHOOL
104591,JONARDDAN PUR HIGH SCHOOL
104592,DURGAPUR N. C. HIGH SCHOOL
104593,BISHWA DARBAR HIGH SCHOOL
104594,JORARGANJ GIRLS HIGH SCHOOL
104595,WEST MAYANI ADARSHA HIGH SCHOOL
104596,BAROIYAHAT GIRLS HIGH SCHOOL
104597,MIRSORAI GIRLS HIGH SCHOOL
104598,MIRSARAI GOVT. MODEL HIGH SCHOOL
104599,JORARGANJ ADARSHA HIGH SCHOOL
104600,ABU TORAB BOHUMUKHI HIGH SCHOOL
104601,KHOIYA CHHARA HIGH SCHOOL
104602,SARKAR HAT N. R. HIGH SCHOOL
104603,NIZAMPUR MUSLIM HIGH SCHOOL
104604,KARERHAT K. M. HIGH SCHOOL
104605,MITHA NALA RAM DAYAL HIGH SCHOOL
104606,MITHA CHHARA HIGH SCHOOL
104607,ABURHAT HIGH SCHOOL
104608,MOLIAISH HIGH SCHOOL
104609,KAMOR ALI UNION HIGH SCHOOL
104610,MOHAZON HAT FAZLUR RAHMAN HIGH SCHOOL
104611,CHINKI ASTANA HIGH SCHOOL
104612,ABUL KASEM GIRLS HIGH SCHOOL
104613,ZAFRABAD HIGH SCHOOL
104614,BAMON SUNDAR FAKIR AHMED HIGH SCHOOL
104615,ALINAGAR LAYLA BEGUM HIGH SCHOOL
104616,DHUMGHAT HAZI CHAND MIAH HIGH SCHOOL
104617,HAIT KANDI HIGH SCHOOL
104618,ZHULAN POL BENI MADHAB HIGH SCHOOL
104619,MEHERUNNESA FAIZ HIGH SCHOOL
104620,GOLKER HAT P. N. GIRLS HIGH SCHOOL
104621,OCHMANPUR HIGH SCHOOL
104622,MOGHADIA NURUL ABSAR CHOWDHURY HIGH SCHOOL
104623,MOHALANKA HIGH SCHOOL
104624,JOYPUR PURBA JOAR A. NESSA O. HOQ HIGH SCHOOL
104625,FATEMA GIRLS HIGH SCHOOL
104626,SAHER KHALI HIGH SCHOOL
104627,NAHARPUR HIGH SCHOOL
104628,MAZEDA HOQ HIGH SCHOOL
104629,SHAFIUL ALAM ADARSHA HIGH SCHOOL
104630,JORARGANJ BOUDDYA HIGH SCHOOL
104631,MAZHARUL HOQUE CHOWDHURY HIGH SCHOOL
104632,SUFIA SECONDARY SCHOOL
104633,MOSJIDIA BAJLUS SOBHAN CHOWDHURY HIGH SCHOOL
104663,HAJI ABDUL ALI CITY CORPORATION HIGH SCHOOL
104664,GORIBE-NEWAZ HIGH SCHOOL
104665,P.H.AMIN ACADEMY
104666,ISPAHANI ADARSHA HIGH SCHOOL
104667,FIROZ SHAH CITY CORP. GIRLS HIGH SCHOOL
104668,MIRZA AHMED ISPAHANI HIGH SCHOOL
104669,CUSTOMS LABORATORY SCHOOL
104670,KATTALI NURUL HOQ CHOWDHURY HIGH SCHOOL
104671,KATTALI CITY CORP. GIRLS HIGH SCHOOL
104672,HALISHAHOR AL-HAJ MOHABBAT ALI CITY CORP. HIGH SCHOOL
104673,BANGLADESH RAILWAY GOVT. HIGH SCHOOL
104674,BASONTI GIRLS HIGH SCHOOL
104675,PAHARTALI GIRLS SCHOOL & COLLEGE
104676,RABEYA BASRI GIRLS HIGH SCHOOL
104677,SHAHEED LT. G. M. MUSFIQUE BIR UTTAM HIGH SCHOOL
104678,UTTAR KATTALI ALHAJ MOSTAFA HAKIM HIGH SCHOOL
104690,SARAIPARA CITY CORP. SCHOOL AND COLLEGE
104691,NASIRABAD GOVT. HIGH SCHOOL
104692,AUNKUR SOCIETY GIRLS HIGH SCHOOL
104693,CHITTAGONG GOVT. GIRLS HIGH SCHOOL
104694,PROBORTOK SCHOOL & COLLEGE
104695,WAZEDIA HIGH SCHOOL
104696,BAN GABESANAGAR HIGH SCHOOL
104697,RAHMANIA HIGH SCHOOL
104698,SHOLO SHAHOR PUBLIC SCHOOL
104699,PANCHLAISH CITY CORP. GIRLS HIGH SCHOOL
104700,ASHEKANE AULIA ABDUL MONAEM HIGH SCHOOL
104701,PANCHLAISH HIGH SCHOOL
104711,ISPAHANI PUBLIC SCHOOL & COLLEGE
104712,YEAKUB DANDI H. P. HIGH SCHOOL
104713,ARFA-KARIM HIGH SCHOOL
104714,ASHIYA HIGH SCHOOL
104715,PATIA ADARSHA HIGH SCHOOL
104716,KHALILUR RAHMAN GIRLS HIGH SCHOOL
104717,SHAH AMIR HIGH SCHOOL
104718,ABDUS SOBHAN RAHAT ALI HIGH SCHOOL
104719,UNION KRISHI HIGH SCHOOL
104720,ABDUR RAHMAN GOVT. GIRLS HIGH SCHOOL
104721,P. D. B. HIGH SCHOOL
104722,MOZAFARABAD N. J. HIGH SCHOOL
104723,HABILASH DWIP HIGH SCHOOL
104724,KORTALA BELKHAIN MOHABOUDI HIGH SCHOOL
104725,GOIRALA HIGH SCHOOL
104726,CHAKRA SHALA KRISHI HIGH SCHOOL
104727,NOLINIKANTA MEMORIAL INSTITUTE
104728,JANGALKHAIN HIGH SCHOOL
104729,KELISHAHOR HIGH SCHOOL
104730,CHAR KANAI HIGH SCHOOL
104731,HABILASH DWIP GIRLS HIGH SCHOOL
104732,KASHIAISH HIGH SCHOOL
104733,SOUTH BHURSHI HIGH SCHOOL
104734,BATHUA HIGH SCHOOL
104735,S. A. NUR HIGH SCHOOL
104736,CHANHORA SHOROSHI BALA HIGH SCHOOL
104737,MUKUT NIGHT HIGH SCHOOL
104738,MUZAFFARABAD GIRLS HIGH SCHOOL
104739,HAIDGAON HIGH SCHOOL
104740,DHAURDENGA SARADA CHARON HIGH SCHOOL
104741,RATANPUR HIGH SCHOOL
104742,JOARA KHANKHANABAD NUTAN CHANDRA HIGH SCHOOL
104743,BAROIKORA HIGH SCHOOL
104744,PINGALA BUDHPARA MOFIZUR RAHMAN GIRLS HIGH SCHOOL
104745,JIRI KHALIL MIR ADARSHA HIGH SCHOOL
104746,KUSUMPURA HIGH SCHOOL AND COLLEGE
104747,MALIARA MAHIRA MOHIRA HIKHAINE HIGH SCHOOL
104748,KAROL GIRLS HIGH SCHOOL
104749,CHITTAGONG IDEAL HIGH SCHOOL
104751,Pancharia Halima Rahman Jr. School
104752,AZIMPUR HIGH SCHOOL
104784,DHALGHAT HIGH SCHOOL & COLLEGE
104785,MONSA HIGH SCHOOL
104786,SHOVANDANDI SCHOOL AND COLLEGE
104787,EAST SHARAFBHATA IDEAL HIGH SCHOOL
104788,RANGUNIA ADARSHA PILOT HIGH SCHOOL
104789,RANGUNIA MAJUMDERKHIL HIGH SCHOOL
104790,POMRA HIGH SCHOOL
104791,NORTH RANGUNIA HIGH SCHOOL
104792,RANGUNIA KHIL MOGAL RASHIK HIGH SCHOOL
104793,SOUTH RANGUNIA SHILOK HIGH SCHOOL
104794,RAJA NAGAR R. A. B. M. HIGH SCHOOL
104795,BEGUM IQBAL JAKIR HOSSAIN GIRLS HIGH SCHOOL
104796,SARAF BHATA UNION HIGH SCHOOL
104797,MORIUM NAGAR HIGH SCHOOL
104798,RAJA BHUBAN HIGH SCHOOL
104799,KODALA HIGH SCHOOL
104800,NORTH PADUA HIGH SCHOOL
104801,CHANDRA GHONA ADARSHA HIGH SCHOOL
104802,SABEK RANGUNIA INDRA KUMERY GIRLS HIGH SCHOOL
104803,MORIOM NAGAR GIRLS HIGH SCHOOL
104804,SHILOK HAMID SHARIF GIRLS HIGH SCHOOL
104805,ROTARY BETAGI UNION HIGH SCHOOL
104806,SONARGAON HIGH SCHOOL
104807,SAHABDI NAGAR HIGH SCHOOL
104808,SUKH BILAS HIGH SCHOOL
104809,GHATCHEK HIGH SCHOOL
104810,POMRA SHAHID ZIANAGAR HIGH SCHOOL
104811,BOGABILY HIGH SCHOOL
104812,SOUTH SHILOK M. SHAH ALAM CHOWDHURY HIGH SCHOOL
104813,KHURUSHIA DWARIKOPE HIGH SCHOOL
104814,KAUKHALI ANOWARA BEGUM HIGH SCHOOL
104815,UTTAR PARUA HIGH SCHOOL
104816,RAFIQUABAD GIRLS HIGH SCHOOL
104817,ISLAMPUR HIGH SCHOOL
104818,HOSNABAD LALANAGAR HIGH SCHOOL
104819,HARIHAR HIGH SCHOOL
104820,NORTH POMRA HIGH SCHOOL
104821,PADUA SHAMILLANEY GIRLS HIGH SCHOOL
104822,WEST SARAFVATA MIRERKHIL HIGH SCHOOL
104823,POMRA BANGABANDU HIGH SCHOOL
104824,EAST KODALA M. A. TAHER HIGH SCHOOL
104825,WEST SHILOK BEDOWRA ALAM CHOWDHURY HIGH SCHOOL
104826,AL-HAJ ABUL BASHER CHOWDHURY HIGH SCHOOL
104853,RANGUNIA PUBLIC SCHOOL AND COLLEGE
104854,NOAPARA HIGH SCHOOL
104855,URKIRCHAR HIGH SCHOOL
104856,SULTANPUR HIGH SCHOOL
104857,MADYAM ADHAR MANIK HIGH SCHOOL
104858,ABURKHIL AMITABH HIGH SCHOOL
104859,MOHAMUNI ANGLOPALI HIGH SCHOOL
104860,GOHIRA ABDUL JABBAR YOUNGMEN SOCIETY BOHUMUKHI HIGH SCHOOL
104861,KOEPARA J. C. SEN HIGH SCHOOL
104862,NONDIPARA S. M. GIRLS HIGH SCHOOL
104863,RAOJAN ARJYA MOITRA HIGH SCHOOL
104864,GOSHCHI HIGH SCHOOL
104865,MOHAMMADPUR HIGH SCHOOL
104866,NOYAPARA M. B. MOLLICK HIGH SCHOOL
104867,BINA JURY NOBIN HIGH SCHOOL
104868,KADALPUR SCHOOL AND COLLEGE
104869,DABUYA TARA CHARAN SHYAMACHARAN HIGH SCHOOL
104870,KUNDESHWARY GIRLS BIDYA MONDIR
104871,KOEPARA GIRLS HIGH SCHOOL
104872,ADHAR MANIK HIGH SCHOOL
104873,NORTH SORTA DARGA HIGH SCHOOL
104874,HARPARA HIGH SCHOOL
104875,NOYA PARA MUSLIM HIGH SCHOOL
104876,WEST GUZRA HIGH SCHOOL
104877,WEST GOHIRA YOUNUS SUFIA CHOWDHURY PUBLIC HIGH SCHOOL
104878,FATEHNAGAR NOAJISHPUR WADUDIA HIGH SCHOOL
104879,SALAMOT ULLAH HIGH SCHOOL
104880,UNASATTOR PARA HIGH SCHOOL
104881,AGRASAR BOUDDYA ANATHALAY HIGH SCHOOL
104882,NORTH GUZRA HIGH SCHOOL
104883,WEST ADHAR MANIK GUZRA RAM MOHON HIGH SCHOOL
104884,HOZRAT YASIN SHAH PUBLIC HIGH SCHOOL
104885,DABUA HIGH SCHOOL
104886,RAOJAN SURESH BIDYAYTAN
104887,GUZRA SHYAMACHARAN HIGH SCHOOL
104888,HOLDIA HIGH SCHOOL
104889,EAST GUZRA HIGH SCHOOL
104890,KHOIYAKHALI HIGH SCHOOL
104891,CHIKDAIR HIGH SCHOOL
104892,KOTWALI GHONA ADARSHA HIGH SCHOOL
104893,KACHU KHAIN MIA ALI HIGH SCHOOL
104894,CHIKDAIR SHAHADAT FAZAL HIGH SCHOOL
104895,DALAI NAGAR HIGH SCHOOL
104896,PANCHKHAIN BAGUAN SAMMILANI HIGH SCHOOL
104897,YASIN NAGAR MODEL HIGH SCHOOL
104898,ABDUS SALAM ADARSHA HIGH SCHOOL
104899,GAURA CHANDRA JATINDRA HIGH SCHOOL
104900,WEST BINAJURI HIGH SCHOOL
104901,SOUTH NOAPARA HIGH SCHOOL
104902,SOUTH KADALPUR JUNIOR HIGH SCHOOL
104905,C P S JUNIOR HIGH SCHOOL
104937,DEWANPUR S. K. SEN HIGH SCHOOL
104938,CHITTAGONG ENGINEERING UNIVERSITY SCHOOL & COLLEGE
104940,AYEASHA OBAYEAD GIRLS HIGH SCHOOL
104941,SANDWIP MODEL SCHOOL & COLLEGE
104942,KATGHAR GOLAM NABI HIGH SCHOOL
104943,RAHMATPUR HIGH SCHOOL
104944,EAST SWANDIP HIGH SCHOOL
104945,KARGIL GOVT. BOYS HIGH SCHOOL
104946,MAIT BHANGA HIGH SCHOOL
104947,MODDHYA SANTOSHPUR HIGH SCHOOL
104948,MOGDHARA HIGH SCHOOL
104949,MUCHHAPUR HAZI ABDUL BATEN HIGH SCHOOL
104950,JABEN NOOR SULTAN HIGH SCHOOL
104951,EAST SWANDIP ENAM NAHAR GIRLS HIGH SCHOOL
104952,AZIMPUR HIGH SCHOOL
104953,GACHUA ADARSHA HIGH SCHOOL
104954,A. K. ACADEMY HIGH SCHOOL
104955,SOUTH SWANDIP HIGH SCHOOL
104956,MOMENA SEKANDAR GOVT. GIRLS HIGH SCHOOL
104957,SWANDIP PUBLIC HIGH SCHOOL
104958,DIPBANDHU MUSTAFIZUR RAHMAN HIGH SCHOOL
104959,KALAPANIA HIGH SCHOOL
104960,SANTOSHPUR HIGH SCHOOL
104961,BAURIA G. K. ACADEMY
104962,MUCHHAPUR BODIUZZAMAN HIGH SCHOOL
104963,SOUTH SWANDIP ABEDA FOYEZ GIRLS HIGH SCHOOL
104964,SWANDIP IDEAL HIGH SCHOOL
104965,SOUTH-EAST SWANDIP HIGH SCHOOL
104966,KAZI AFAZ UDDIN HIGH SCHOOL
104967,KALAPANIA CHOWDHURY BIDYA NIKETON
104983,GATIADENGA ALHAJ SHAFIA MAMTAJUL HOQUE HIGH SCHOOL
104984,MIRZAKHIL MODEL GIRLS HIGH SCHOOL
104985,DEUDIGHI K. M. HIGH SCHOOL
104986,NOLUA D. L. KARAN SECONDARY SCHOOL
104987,SHERE-BANGLA HIGH SCHOOL
104988,GARANGIA HIGH SCHOOL
104989,MORFOLA R. M. N. HIGH SCHOOL
104990,ICHAMATI YAKUB MARIUM HIGH SCHOOL
104992,MIRZAKHIL HIGH SCHOOL
104993,JANAKALYAN MODEL HIGH SCHOOL
104994,SATKANIA GIRLS HIGH SCHOOL
104995,SATKANIA MODEL HIGH SCHOOL
104996,AMILAISH KANCHONA BANGACHANDRA GHOSH INSTITUTE
104997,BAZALIA HIGH SCHOOL
104998,KANCHONA GIRLS HIGH SCHOOL
104999,DHEMSHA HIGH SCHOOL
105000,PURANGAR SHAH SHARFUDDIN HIGH SCHOOL
105001,KARAIYA NOGAR HIGH SCHOOL
105002,UNITED IDEAL HIGH SCHOOL
105003,CHIBBARI ADARSHA HIGH SCHOOL
105004,BARODONA HOQUE MEMORIAL HIGH SCHOOL
105005,CHAR KHAGRIA KHADIM ALI CHOWDHURY HIGH SCHOOL
105006,CHARTI DURDURI HIGH SCHOOL
105007,SAMADAR PARA MULTILATERAL HIGH SCHOOL
105008,NORTH SATKANIA ALI AHMOD PRANHORI HIGH SCHOOL
105010,KHAGRIA BOHUMUKHI HIGH SCHOOL
105011,SOUTH KANCHONA N. A. CHOWDHURY HIGH SCHOOL
105012,AMILAISH ADARSHA HIGH SCHOOL
105013,KEUCHIYA HIGH SCHOOL
105014,WEST DHEMSHA HIGH SCHOOL
105015,CHADAHA KEFAYET ULLAH KABIR AHMAD HIGH SCHOOL
105017,BAITUL IZZAT RIFLES PUBLIC SCHOOL
105018,EAST GHATIA DHANGA HIGH SCHOOL
105019,WEST GATIADENGA HIGH SCHOOL
105020,BARODONA S. M. M. ABDUL BARI GIRLS HIGH SCHOOL
105021,AUCHIA GIRLS HIGH SCHOOL
105022,LAYLA MOSUD HIGH SCHOOL
105024,ZONAR KEUCHIA ADARSHA HIGH SCHOOL
105025,SOUTH DHEMSHA CHOWMOHONY MODEL JUNIOR SCHOOL
105062,KUMIRA RESIDENTIAL HIGH SCHOOL
105063,BHATER KHIL HIGH SCHOOL
105064,BHATIYARI HAZI TOBARAK ALI CHOWDHURY HIGH SCHOOL
105065,SONAICHHARY HIGH SCHOOL
105066,BARA DAROGAR HAT A. R. MEMORIAL HIGH SCHOOL
105067,BARABKUND HIGH SCHOOL
105068,SITAKUNDA GOVT. HIGH SCHOOL
105069,LATIFA SIDDIKA GIRLS HIGH SCHOOL
105070,SABUJ SHIKSHAYATAN
105071,C. C. C. HIGH SCHOOL
105072,MASAJIDDA HIGH SCHOOL
105074,FAUZDARHAT COLLEGIATE SCHOOL
105075,BANGLADESH MILITARY ACADEMY HIGH SCHOOL
105076,LATIFPUR AL-HAZ ABDUL JALIL HIGH SCHOOL
105077,HAZRAT KHAWJA KALU SHAH (R.) GIRLS HIGH SCHOOL
105078,FAUZDERHAT K. M. HIGH SCHOOL
105079,MADAM BIBIRHAT SHAHJAHAN HIGH SCHOOL
105080,ZAFARNOGAR APARNACHARAN HIGH SCHOOL
105081,SHITALPUR HIGH SCHOOL
105082,TERIYAIL HIGH SCHOOL
105083,CAPTAIN SHAMSUL HUDA HIGH SCHOOL
105084,SHEKHERHAT HIGH SCHOOL
105085,HAMID ULLAHAT HIGH SCHOOL
105086,BANSH BARIA HIGH SCHOOL
105087,KUMIRA GIRLS HIGH SCHOOL
105088,MOHANOGAR MIR SIRAZUL ISLAM HIGH SCHOOL
105089,PANTHICHILA HIGH SCHOOL
105091,R. R. TEXTILE MILLS HIGH SCHOOL
105092,MAHAMUDABAD HIGH SCHOOL
105093,SADEK MOSTAN(R.) HIGH SCHOOL
105094,M.A. KASHEM RAZA JUNIOR HIGH SCHOOL
105115,SITAKUNDA GIRLS HIGH SCHOOL AND COLLEGE
105116,FAUZDARHAT CADET COLLEGE
106168,KISHALAY MODEL SHIKSHA NIKETAN
106169,CHAKORIA GOVT. HIGH SCHOOL
106170,CHAKORIA GOVT. GIRLS HIGH SCHOOL
106171,DHEMUSHIA JINNAT ALI CHOWDHURY HIGH SCHOOL
106172,BADAR KHALI COLONIZATION HIGH SCHOOL
106173,HARBANG UNION HIGH SCHOOL
106174,DULA HAZARA HIGH SCHOOL
106175,ILISHIYA JAMILA BEGUM HIGH SCHOOL
106176,KOIAR BIL HIGH SCHOOL
106177,SHAH-UMRA BAAD HIGH SCHOOL
106178,MANIKPUR HIGH SCHOOL
106179,POHOR CHANDA HIGH SCHOOL
106180,KHUTAKHALI HIGH SCHOOL
106181,KAKARA SECONDARY SCHOOL
106182,BHAOLA MANIKCHAR HIGH SCHOOL
106183,DARBESH KATA HIGH SCHOOL
106184,BORAITOLI HIGH SCHOOL
106185,PALAKATA HIGH SCHOOL
106186,CHAKORIA CENTRAL HIGH SCHOOL
106187,MEMORIAL CHRISTIAN HIGH SCHOOL
106188,KONAKALI KARIMEAH HIGH SCHOOL
106189,DIGOR PANKHALI HIGH SCHOOL
106190,B. M. S. HIGH SCHOOL
106191,PURBA BARO BHAOLA G. N. A. MISSIONARY HIGH SCHOOL
106192,BOHODDAR KATA HIGH SCHOOL
106193,AL-AZHAR HIGH SCHOOL
106194,SHAKYAW MUNI HIGH SCHOOL
106195,CHAKORIA KORAK BIDDYAPIT
106196,RASHID AHMED CHOWDHURY HIGH SCHOOL
106198,DULAHAZARA JUNIOR GIRLS SCHOOL
106199,KISHALOY ADARSHA GIRLS HIGH SCHOOL
106200,MALUMGHAT IDEAL SCHOOL
106201,R. K. NURUL AMIN CHOWDHURY HIGH SCHOOL
106202,UTTAR BARAITALI HIGH SCHOOL
106205,CHAKARIA GRAMMAR SCHOOL
106234,MEHER NAMA HIGH SCHOOL
106235,PEKUA G. M. C. INSTITUTION
106236,MOGNAMA HIGH SCHOOL
106237,RAJAKHALI FOIJUNNESA HIGH SCHOOL
106238,SHILKHALI HIGH SCHOOL
106239,RAJAKHALI AYAR ALI KHAN HIGH SCHOOL
106240,TOITONG HIGH SCHOOL
106241,HOSNE ARA GIRLS HIGH SCHOOL
106242,PEKUA GIRLS HIGH SCHOOL
106243,BARBAKIA ADARSHA HIGH SCHOOL
106257,GOMATALI HIGH SCHOOL
106258,KHURULIYA HIGH SCHOOL
106259,BHARUYAKHALI HIGH SCHOOL
106260,EIDGAH MODEL HIGH SCHOOL
106261,EIDGAH JAHANARA GIRLS HIGH SCHOOL
106263,COXS BAZAR GOVT. BOYS HIGH SCHOOL
106264,SAHITYIKA HIGH SCHOOL
106265,KALATALI ADARSHA HIGH SCHOOL
106266,BAITUSH SHARAF ZABBARIA ACADEMY
106268,COXS BAZAR MODEL HIGH SCHOOL
106269,SOIKAT GIRLS HIGH SCHOOL
106270,KHURUSHKUL HIGH SCHOOL
106271,AL BAIYAN HIGH SCHOOL
106272,COXS BAZAR PREPARETORY HIGH SCHOOL
106273,AMENA KHATUN GIRLS HIGH SCHOOL
106274,CHOWFAL DANDI MODEL HIGH SCHOOL
106275,MOHAMMAD ILIAS MIAH CHOWDHURY HIGH SCHOOL
106276,POKEKHALI HIGH SCHOOL
106277,EIDGHAH ADARSHA SHISKHA NIKETON
106278,NAPIT KHALI SECONDARY SCHOOL
106279,P. M. KHALI HIGH SCHOOL
106281,SHAGAR MONI HIGH SCHOOL
106282,T. M. C. GIRLS HIGH SCHOOL
106285,DIPSHIKHA GIRLS ACADEMY
106286,BAHAR CHARA JUNIOR HIGH SCHOOL
106287,SOUTH KHURUSHKUL MODEL HIGH SCHOOL
106288,AIR PORT PUBLIC HIGH SCHOOL
106318,KUTUBDIA MODEL HIGH SCHOOL AND COLLEGE
106319,DHURANG ADARSHA HIGH SCHOOL
106320,KUTUBDIA GOVT. GIRLS HIGH SCHOOL
106321,KABI JASIM UDDIN HIGH SCHOOL
106322,ALI AKBAR DAIL HIGH SCHOOL
106323,SATAR UDDIN HIGH SCHOOL
106324,UTTARAN BIDDANIKETON
106325,LEMSHIKHALI HIGH SCHOOL
106335,MAHESHKHALI ISLAND HIGH SCHOOL
106336,HOANAK GIRLS HIGH SCHOOL
106337,YOUNUS KHALI NASIR UDDIN HIGH SCHOOL
106338,KUTUBZUM IDEAL HIGH SCHOOL
106339,BARA MAHESHKHALI GIRLS HIGH SCHOOL
106340,MAHESHKHALI MODEL HIGH SCHOOL
106341,MATAR BARI HIGH SCHOOL
106342,HOYANAK BOHU MUKHI HIGH SCHOOL
106343,KALAR MAR CHHARA HIGH SCHOOL
106344,MAHESHKHALI GOVT. GIRLS HIGH SCHOOL
106345,SHAPLAPUR HIGH SCHOOL
106346,DHALGHATA ADARSHA HIGH SCHOOL
106347,PANIRCHHARA ADARSHA HIGH SCHOOL
106348,KUTUB JUME OFF-SHORE HIGH SCHOOL
106349,CHOTTA MOHESH KHALI MODEL HIGH SCHOOL
106351,NORTH NOLBILA HIGH SCHOOL
106352,ABDUL MABUD CHOWDUARY HIGH SCHOOL
106354,MATARA BARI ADARSHA PUBILIC HIGH SCHOOL
106375,RAMU KHIJARY MODEL HIGH SCHOOL
106376,SOUTH MITHACHHARI HIGH SCHOOL
106377,GARJANIA HIGH SCHOOL
106378,JOARIA NALA H. M. SACHI HIGH SCHOOL
106379,EIDGAR AMIR MUHAMMAD BODI UDDIN HIGH SCHOOL
106380,RAMU GIRLS HIGH SCHOOL
106381,AL-FUAD ACADEMY
106382,ZARAIL TOLI HIGH SCHOOL
106383,AL-HAZ FAZAL AMBIA HIGH SCHOOL
106384,NADER-UZ-ZAMAN HIGH SCHOOL
106385,KAHCHPIA HIGH SCHOOL
106386,KAWERKHOP HAKIM-RAKIMA HIGH SCHOOL
106387,SHEIKH HASINA JOARIANALA GIRLS SCHOOL
106388,DECHUA PALONG JUNIOR HIGH SCHOOL
106398,TEKNAF PILOT HIGH SCHOOL
106399,NHEELA HIGH SCHOOL
106400,NAYA BAZAR HIGH SCHOOL
106401,TEKNAF EZAHAR GOVT. GIRLS HIGH SCHOOL
106402,NOYAPARA AL-HAZ NABI HOSSAIN HIGH SCHOOL
106403,SUBRANG HIGH SCHOOL
106404,SHAMLAPUR HIGH SCHOOL
106405,HAZI BASHIR AHMAD HIGH SCHOOL
106406,SENT MARTIN B. N. ISLAMIC HIGH SCHOOL
106407,NHEELA GIRLS HIGH SCHOOL
106408,LAMBARY MALKABANU HIGH SCHOOL
106409,KANJAR PARA HIGH SCHOOL
106425,PALONG ADARSHA HIGH SCHOOL
106426,UKHIA HIGH SCHOOL
106427,BALUKHALI KASHEMIA HIGH SCHOOL
106428,MORICHYA PALONG HIGH SCHOOL
106429,BHALUKIA PALONG HIGH SCHOOL
106430,SONAR PARA HIGH SCHOOL
106431,PALONG KHALI HIGH SCHOOL
106432,KUTUPALONG HIGH SCHOOL
106433,ZALIA PALONG HIGH SCHOOL
106434,RUMKHA PALONG HIGH SCHOOL
106435,ABUL KASHEM NOOR JAHAN CHOWDHURY HIGH SCHOOL
106436,THAINGKHALI HIGH SCHOOL
106437,MUKTIJODDHA SMRITI GIRLS SCHOOL
106438,HILTOP JUNIOR GIRLS SCHOOL
106448,UKHIA GIRLS HIGH SCHOOL
106749,BABU CHHARA HIGH SCHOOL
106750,DIGHINALA GOVT. HIGH SCHOOL
106751,DIGHINALA BORADOM HIGH SCHOOL
106752,CHOTO MARUNG HIGH SCHOOL
106753,RENGKERJYA HIGH SCHOOL
106754,ANATH ASHRAM RESIDENTIAL HIGH SCHOOL
106755,HUTCHINSONPUR HIGH SCHOOL
106756,PABLAKHALI SHANTIPUR HIGH SCHOOL
106757,UTTAR RENGKARJYA HIGH SCHOOL
106758,UDAL BAGAN HIGH SCHOOL
106759,BANCHARA JUNIOR HIGH SCHOOL
106760,KAMAKU CHARA JUNIOR HIGH SCHOOL
106761,DIGHINALA MODEL GIRLS HIGH SCHOOL
106762,BABUCHARA MUKH JUNIOR SCHOOL
106763,CHANGRA CHARI HIGH SCHOOL
106768,KHAGRACHHARI ADARSHA HIGH SCHOOL
106769,NATUN KURI CANTONMENT HIGH SCHOOL
106770,KHAGRACHHARI GOVT. GIRLS HIGH SCHOOL
106771,A. P. BATALIAN HIGH SCHOOL
106772,KHAGRACHHARI GOVT. HIGH SCHOOL
106773,MUNIGRAM HIGH SCHOOL
106774,KAMOL CHHARI HIGH SCHOOL
106775,PERACHHARA HIGH SCHOOL
106776,PANKHAIYA PARA HIGH SCHOOL
106777,THAKUR CHARA HIGH SCHOOL
106778,KHAGRACHHARI COLLEGIATE SCHOOL
106779,KHAGRACHHARI MUNICIPAL MODEL HIGH SCHOOL
106780,IT CHARI HIGH SCHOOL
106781,MILLENIUM BHAIBONCHARA JUNIOR SCHOOL
106782,NUNCHARI HIGH SCHOOL
106783,P. B. M. RESIDENTIAL SCHOOL
106784,SHISHU KALYAN SHANGHA RESIDENTIAL JUNIOR HIGH SCHOOL
106785,GACHBAN JUNIOR HIGH SCHOOL
106786,BHUACHARI JUNIOR HIGH SCHOOL
106790,LAXMI CHHARI HIGH SCHOOL
106791,BARMA CHARI JUNIOR HIGH SCHOOL
106793,DULYATALI HIGH SCHOOL
106796,MAHALCHHARI HIGH SCHOOL
106797,MAIS CHHARI HIGH SCHOOL
106798,ULTACHARI HIGH SCHOOL
106799,SINGI NALA HIGH SCHOOL
106800,LEMU CHHARI HIGH SCHOOL
106801,SINDUK CHHARI HIGH SCHOOL
106802,BOUDDHA SHISHUGHAR HIGH SCHOOL
106803,KHULARAM PARA HIGH SCHOOL
106804,MAHALCHARI ADARSHA GIRLS HIGH SCHOOL
106808,JUGGACHOLA JUNIOR HIGH SCHOOL
106809,MANIK CHARI JUNIOR GIRLS SCHOOL
106810,RANI NIHAR DEBI GOVT. HIGH SCHOOL
106811,BATNATALI HIGH SCHOOL
106812,TINTAHARI HIGH SCHOOL
106813,DAIN CHARY JUNIOR HIGH SCHOOL
106814,COLLEGIATE JUNIOR HIGH SCHOOL
106818,TABAL CHHARI KADAM TOLI HIGH SCHOOL
106819,GUIMARA GOVT. MODEL HIGH SCHOOL
106820,AMTALI JUNIOR HIGH SCHOOL
106821,SANTIPUR HIGH SCHOOL
106822,TAINDANG HIGH SCHOOL
106823,MATIRANGA GOVT. MODEL HIGH SCHOOL
106824,GOMOTI B. K. HIGH SCHOOL
106825,ALUTILA BATTALI HIGH SCHOOL
106826,KHEDA CHARA HIGH SCHOOL
106827,MATIRANGA GIRLS HIGH SCHOOL
106828,BORNAL MUKTIJODDHA HIGH SCHOOL
106838,PUZGANGMUKH HIGH SCHOOL
106839,PANCHHARI HIGH SCHOOL
106840,LOGANG HIGH SCHOOL
106841,LOGANG BAZAR ADARSHA HIGH SCHOOL
106842,PAN CHARI JR GIRLS HIGH SCHOOL
106843,NALKATA JUNIOR HIGH SCHOOL
106844,ULTACHARI JUNIOR HIGH SCHOOL
106847,PANCHHARI BAZAR HIGH SCHOOL
106848,RAMGARH GIRLS HIGH SCHOOL
106849,RAMGARH GOVT. HIGH SCHOOL
106850,BOLI PARA ADARSHA HIGH SCHOOL
106851,NAKAPA JUNIOR HIGH SCHOOL
106852,CHOWDHURY PARA JUNIOR HIGH SCHOOL
106854,HAPHCHARI JUNIOR HIGH SCHOOL
107667,KACHALONG GOVT. MODEL HIGH SCHOOL
107668,SHIJAKMUKH HIGH SCHOOL
107669,RUPALI HIGH SCHOOL
107670,BAGHAICHHARI HIGH SCHOOL
107671,KHEDAR MARA HIGH SCHOOL
107672,ULUCHHARI MOUZA HIGH SCHOOL
107673,B. T. HIGH SCHOOL
107674,SAROYATOLI HIGH SCHOOL
107675,AMTALI ISLAMIC CENTRE HIGH SCHOOL
107676,TULABAN HIGH SCHOOL
107677,BAGHAIHAT HIGH SCHOOL
107678,KACHALONG GIRLS HIGH SCHOOL
107679,DAKSHIN RUPAKARI HIGH SCHOOL
107680,UGAL CHHARI HIGH SCHOOL
107682,MEDINIPUR JUNIOR HIGH SCHOOL
107683,BATTALI JUNIOR HIGH SCOOL
107687,BARKAL HIGH SCHOOL
107688,BILCHHARA HIGH SCHOOL
107689,SUBHALONG HIGH SCHOOL
107690,BARUNA CHHARI HIGH SCHOOL
107691,HAZACHARI HIGH SCHOOL
107693,BARA HARINA HIGH SCHOOL
107694,BORUNACHARI ZONE HIGH SCHOOL
107695,THEGA KHUBBANG HIGH SCHOOL
107697,JUNO PAHAR JUNIOR HIGH SCHOOL
107699,ANDAR MANIK (MAICHCHARI) JUNIOR HIGH SCHOOL
107700,DABUYA BRIKSHA BHANUPUR HIGH SCHOOL
107701,POYAPARA PILOT HIGH SCHOOL
107702,GHAGRA HIGH SCHOOL
107703,BETBUNIA HIGH SCHOOL
107704,UTTAR MUBACHARI JUNIOR HIGH SCHOOL
107705,HARANGIPARA HIGH SCHOOL
107706,PANCHARI HIGH SCHOOL
107707,KAWKHALI GIRLS HIGH SCHOOL
107708,NAILLACHORI JU HIGH SCHOOL
107709,KASHKHALI JUNIOR HIGH SCHOOL
107710,TALUKDER PARA JUNIOR HIGH SCHOOL
107711,GHAGRA GIRLS HIGH SCHOOL
107712,Tarabonia Junior High School
107718,BILAICHHARI GOVT. HIGH SCHOOL
107719,KANGRACHARI JUNIOR HIGH SCHOOL
107720,FARUA JUNIOR HIGH SCHOOL
107722,K. R. C. HIGH SCHOOL
107723,KAPTAI BIDYUT UNNYAN BOARD HIGH SCHOOL
107724,NARANGIRI GOVT. HIGH SCHOOL
107725,PAHARIKA HIGH SCHOOL
107726,CHITMARAM HIGH SCHOOL
107727,SHAHID SAMSHUDDIN GIRLS HIGH SCHOOL
107728,DONGNALA HIGH SCHOOL
107729,KAPTAI HIGH SCHOOL
107730,WAGGA HIGH SCHOOL
107731,BARAI CARI KARNAFULY NURUL HUDA KADERI HIGH SCHOOL
107732,BHALUKIYA JR. HIGH SCHOOL
107734,SAKRACHARI JR. HIGH SCHOOL
107735,BANGLADESH NAVY HIGH SCHOOL
107739,KARNAPHULI PAPER MILLS HIGH SCHOOL AND COLLEGE
107740,BONJOGI CHHARA HIGH SCHOOL
107741,BHUBAN JOY GOVT. HIGH SCHOOL
107742,GHILATALI JUNIOR HIGH SCHOOL
107743,SUBALONG KHAGRACHARI JUNIOR HIGH SCHOOL
107744,VASHANNYA ADAM ISLAMI HIGH SCHOOL
107745,U. C. M. P. HIGH SCHOOL
107746,LANGODU GOVT. HIGH SCHOOL
107747,KATTALI HIGH SCHOOL
107748,KARALYA CHHARI HIGH SCHOOL
107749,GULSHAKHALI ADARSHA HIGH SCHOOL
107750,MAINIMUKH MODEL HIGH SCHOOL
107751,RABETA MODEL HIGH SCHOOL
107752,LONGUDU GIRLS HIGH SCHOOL
107754,MOHAL CHARI HIGH SCHOOL
107755,KALAPAKUJJA SENA MOITRY ADARSHA JUNIOR SCHOOL
107757,GHANNAMORE SENA MOITREE JUNIOR HIGH SCHOOL
107758,UTTER YEARING CHARI SENA MOITRI JUNIOR HIGH SCHOOL
107765,NANIARCHAR HIGH SCHOOL
107766,MOHAPURAM HIGH SCHOOL
107767,BETCHARI GENERAL OSMANI HIGH SCHOOL
107768,JAHANATALI HIGH SCHOOL
107769,KATALTALI JUNIOR HIGH SCHOOL
107770,MORA CHANGEE JUNIOR HIGH SCHOOL
107772,BOGACHARI AL-AMIN HIGH SCHOOL
107773,GHILA CHARI JR. SCHOOL
107774,BURIGHAT JR. SCHOOL
107775,GAINDIA CHHARI HIGH SCHOOL
107777,SAPMARA JUNIOR HIGH SCHOOL
107783,RAJASTHALI TAITONG PARA GOVT. HIGH SCHOOL
107784,BANGAL HALIA HIGH SCHOOL
107785,RAJASTHALI UPAJATIO ABASHIK BIDDALOY
107786,GAINDYA HIGH SCHOOL
107787,GHELA CHHRI JUNIOR SCHOOL
107790,OMDAMIA HILL POURA JUNIOR HIGH SCHOOL
107791,SHAPCHARI HIGH SCHOOL
107792,MOANOGHAR RESIDENTIAL SCHOOL AND COLLEGE
107793,SHAH BOHU MUKHI HIGH SCHOOL
107794,RANI DAYAMOYEE HIGH SCHOOL
107795,RANGAMATI GOVT. HIGH SCHOOL
107796,LAKERS PUBLIC SCHOOL
107797,RANGAMATI GOVT. GIRLS HIGH SCHOOL
107798,SHAHID ABDUL ALI ACADEMY
107799,KHARIKSHAN HIGH SCHOOL
107800,BARA MOHAPURAM HIGH SCHOOL
107801,BORADOM SURA BALA SMRITY BIDYAPITH
107802,MOZADDED-E-AL-FESANI HIGH SCHOOL
107803,MASCHA PARA HIGH SCHOOL
107804,BASANTA HIGH SCHOOL
107805,BANDHUK BHANGA HIGH SCHOOL
107806,VEDVEDEE POURA HIGH SCHOOL
107807,TAIMIDONG JUNIOR HIGH SCHOOL
107808,BADALCHARI HIGH SCHOOL
107809,CHONGRA CHARI JUNIOR HIGH SCHOOL
107810,TRIPURA CHARA JUNIOR HIGH SCHOOL
107811,KAINDYA DOUZAREE PARA JUNIOR HIGH SCHOOL
107814,JIBTALI HIGH SCHOOL
131063,BOROPILAK JUNIOR HIGH SCHOOL
131065,VOAYALLYA HIGH SCHOOL
131116,GOALIA KHOLA S.E.S.D.P MODEL HIGH SCHOOL
131173,LOTANE HIGH SCHOOL
131177,CHAKARIA CAMBRIAN SCHOOL
131178,CHAKOREE POURA ADARSHA SHIHSHA NIKETON
131184,Advocate mojibur Rahman high school
131189,"IDEAL INSTITUTE, COX`S BAZAR SADAR"
131193,NORTH HARBANG HIGH SCHOOL
131195,AL-HAZ ALI ACHHIYA HIGH SCHOOL
131204,ABUL KASHEM JUNIOR HIGH SCHOOL
131215,MONSUR ALI SIKDAR IDEAL SCHOOL
131219,UTTARAN MODEL SCHOOL
131231,KAIYARBIL IDEAL HIGH SCHOOL
131246,CHONKHOLA PARA JUNIOR SCHOOL
131284,NHILA ALFALAH ACADEMY
131293,Kadalpur Ideal High School
131296,LELANGARA PUBLIC HIGH SCHOOL
131304,CUMILLA RESIDENTIAL SCHOOL AND COLLEGE
131309,"RAOZAN RAMGATI DHAR, RAMDHAN DHAR & ABDUL BARI CHOWDHURY MODEL GOVT. HIGH SCHOOL"
131310,JULDHA SHAH AMIR HIGH SCHOOL
131319,JAMIJURI JUNIOR BOYS SCHOOL
131321,MADARSHA ADRSHA JUNIOR HIGH SCHOOL
131327,ISLAMI SHAMAJ KALLAYN PARISHAD HIGH SCHOOL
131329,ALHAJ M A SALAM HIGH SCHOOL
131336,PURBA DHALAI KADIZA MALEK JUNIOR HIGH SCHOOL
131342,HAJI MOSTAK AHMED CHOWDHURY HIGH SCHOOL
131345,MOSTAFA BEGUM GIRLS HIGH SCHOOL
131346,BHUJPUR PUBLIC HIGH SCHOOL
131348,BABU NAGAR HIGH SCHOOL
131349,NOOR AHMED ENGR. MEMORIAL JR. SCHOOL
131361,SAFA MOTALEB COLLEGIAT JUNIOR HIGH SCHOOL
131362,S.M. PILOT HIGH SCHOOL
131367,PANCHKHAIN DARGAH DR. MD. MEAH CHOW. (JUNIOR) HIGH SCHOOL
131377,SYADUL HAQUE HIGH SCHOOL
131385,PURBA BAKALIA CITY CORPORATION HIGH SCHOOL
131388,DHOPACHHARI SHIL GHATA HIGH SCHOOL
131396,COXS BAZAR GOVT. GIRLS HIGH SCHOOL
131400,KAMAL UDDIN CHOWDHURY GIRL S SCHOOL
131424,NAIKONG KHALI JUNIOR HIGH SCHOOL
131439,LEDA JUNIOR HIGH SCHOOL
131442,TEKNAF BORDER GUARD PUBLIC SCHOOL
131446,MARISH BONIA SESDP MODEL HIGH SCHOOL
131466,KHAGRABIL JUNIOR HIGH SCHOOL
131467,CHHADAHA KEUCHIYA HIGH SCHOOL
131472,ASHIYA MOTALEB REZIA NASRIN HIGH SCHOOL
131483,SOUTH GAHIRA KHAN SAHEB ABDUL KARIM HIGH SCHOOL
131494,MEMON GRAMMAR SCHOOL
131888,DAULATPUR BOHUMUKHI HIGH SCHOOL
131898,DILWARA JAHAN MEMORIAL SCHOOL AND COLLEGE
132070,KHAGRACHARI CANTONMENT PUBLIC SCHOOL & COLLEGE
132075,CHITTAGONG LABORATORY SCHOOL AND COLLEGE
132144,SRIJONEE TRUST SCHOOL AND COLLEGE
132146,KAFCO SCHOOL AND COLLEGE
133211,BANDARBAN CANTONMENT PUBLIC SCHOOL & COLLEGE
133233,BIRSHRESTO MUNSHI ABDUR RAUF HIGH SCHOOL
133715,JAFARABAD HIGH SCHOOL
133904,BANGLADESH RAILWAY GOVT. HIGH SCHOOL
133907,HALISHAHAR HOUSING ESTATE HIGH SCHOOL
133923,PURBO HARBANG ADARSHA HIGH SCHOOL
133936,CHEUNIPARA HIGH SCHOOL
133949,RESIDENTIAL MODEL SCHOOL & COLLEGE
133968,WAHIDUNNESA SECONDARY SCHOOL
133973,DAILPARA HIGH SCHOOL
133977,BANGLADESH ELEMENTARY SCHOOL
133990,CENTRAL PUBLIC HIGH SCHOOL
133996,CHILD HEAVEN SCHOOL
133998,CHITTAGONG MODEL SCHOOL & COLLEGE
134011,SAFA MOTALEB HIGH SCHOOL
134013,MERIT BANGLADESH SCHOOL & COLLEGE
134072,YUNUS-ALMAS SCHOOL & COLLEGE
134126,CENTER VALLEY SCHOOL
134128,STANDARD SCHOOL AND COLLEGE
134132,SARADINER SCHOOL & COLLEGE
134133,CANTONMENT ENGLISH SCHOOL & COLLEGE
134143,RADIANT SCHOOL & COLLEGE
134147,CDA PUBLIC SCHOOL & COLLEGE
134157,PROVATI MADDHYAMIK SHIKKHA NIKETON
134170,SOUTHPOINT SCHOOL & COLLEGE
134191,MAHILLA HIGH SCHOOL
134227,A K M MOZAMMEL HOUQUE MEMORIAL SCHOOL
134270,ABDULLAPUR JUNIOR HIGH SCHOOL
134279,HOSSEN AHMMAD CHY. CITY CORPORATION SCHOOL
134298,HOANAK ADORSHO BIDDAPITH
134301,QUANTUM COSMO SCHOOL
134303,PAINDONG MODEL JUNIOR SCHOOL
134304,HAJI SHAMSUL ISLAM JUNIOR HIGH SCHOOL
134314,MATIRANGA MUNICIPAL MODEL JUNIOR HIGH SCHOOL
134360,INDEPENDENT SCHOOL & COLLEGE
134361,OXYZEN JUNIOR HIGH SCHOOL
134429,LITTLE JEWELS SCHOOL
134544,ST. FRANCIS XAVIERS JUNIOR SCHOOL
134603,GLOBAL SCHOLAR SCHOOL AND COLLEGE
134609,BANDARBAN COLLECTORATE SCHOOL
134625,CHITTAGONG SUN SHINE COLLEGE
134684,MOHAMMED NAGAR HUMAYUN KABIR CHY JUNIOR HIGH SCHOOL
134685,BANGABANDHU BANGLA VIDDAPIT
134891,J.M.GHAT MODEL HIGH SCHOOL
134894,AYUB FOUNDETION JUNIOR SCHOOL
134895,IQRA ABDUL JABBAR HIGH SCHOOL
134903,MARUWF MODEL INTERNATIONAL SCHOOL
134907,WEST GOALIA PALONG SESDP MODEL HIGH SCHOOL
134916,SIMANTO PROHORI ADARSH JUNIOR HIGH SCHOOL
135011,TEWFA IDEAL SCHOOL
135012,DURPARJENAL HIGH SCHOOL
135014,Shaheed Lt. Mushfiq High School
135226,C & B COLONY ADARSHA JUNIOR HIGH SCHOOL
135237,BORDER GUARD PUBLIC SCHOOL
135296,BIAM Laboratory School & College
135509,SYEDPUR HASSAN-SHAHINUR ACADEMY
135639,NOY MILE TRIPURA PARA HIGH SCHOOL
135640,CHONGRACHARI SESDP MODEL HIGH SCHOOL
135721,HALISHAHAR CANT. PUBLIC SCHOOL
135800,NURUL ISLAM CHOWDHURY GULJER BEGUM HIGH SCHOOL
135801,CHEPOTKHALI - MADARBANIA UPAKULIA HIGH SCHOOL
135802,SAIYED BOKTHIER CHAMON BAHAR CHY JUNIOR SCHOOL
135886,APAB SUNRISING HIGH SCHOOL
136019,HAJEE MOHAMMAD JANE ALAM JR. HIGH SCHOOL
136247,A.K. AZAD HIGH SCHOOL
136248,BORO DOLU JUNIOR HIGH SCHOOL
136272,BAY VIEW SCHOOL
136483,SAINT MARYS SCHOOL
136661,SYEDPUR NOOR KASHEM ACADEMY
136728,GANAPURTA BIDYA NIKETAN
136810,BANGLADESH KRIRA SHIKKHA PROTISHTAN
136845,Ujantia Khan Bahadur High School
136921,CHAK DALA SESDP MODEL HIGH SCHOOL
136924,GORAKGHATA JUNIOR HIGH SCHOOL
136936,ALHAJ SHAFIQUE UDDIN HIGH SCHOOL
136949,MACHALANG HIGH SCHOOL
136957,DR. CL. OLI. AHAMED BIR BIKROM JUNIOR SCHOOL
136968,CDA GIRLS SCHOOL & COLLEGE
136981,ARMED POLICE BATTALION IDEAL SCHOOL & COLLEGE
137007,CHITTAGONG GRAMMAR SCHOOL
137049,Dakshin Bandar High School
137151,Shahid Abdul Hamid High School
137586,KAIBALYADHAM HOUSING ESTATE HIGH SCHOOL
137740,BAIZID MODEL SCHOOL
137761,SANDWIP ANANDA PATHSHALA
137766,SCHOOL OF SCIENCE BUSINESS AND HUMANITIES
137809,SHOHID CAPTAIN AFTABUL KADER HIGH SCHOOL
137893,ARMED POLICE BATTALION IDEAL SCHOOL & COLLEGE
137946,BIR BIKROM ZAINUL ABEDIN HIGH SCHOOL
138132,CHITTAGONG SUN SHINE SCHOOL & COLLEGE
138212,Khagrachari Police Lines High School
138306,Patenga Ideal School
138311,Bakkhali High School
138315,LEADERSHIP HIGH SCHOOL
138320,S. ALAM COLLEGIATE SCHOOL & COLLEGE
138355,Hazera-Taju School and College
138368,NAVY ANCHORAGE SCHOOL AND COLLEGE CHATTOGRAM
138376,URIRCHAR JUNIOR HIGH SCHOOL
138403,BADIUL ALAM SRITY BIDDAPITH
138408,NUTUN MONSURABAD AL HAJ MOSTAFA HAKIM HIGH SCHOOL
138411,Techno-Cider International School
138415,HILLVIEW PUBLIC SCHOOL
138417,AZIM HAKIM SCHOOL & COLLEGE
138418,OXFORD MODERN SCHOOL AND COLLEGE
138419,CHUNATI MEHERUNNESA SECONDARY SCHOOL
138420,RAMU CANTONMENT EINGLISH SCHOOL
138421,"SAINT XAVIERS SCHOOL, PAHARTALI"
138422,SHAHEED LIEUTENANT TANZIM CANTONMENT PUBLIC SCHOOL AND COLLEGE
138423,MOHAMMAD ANWARUL AZIM GIRLS HIGH SCHOOL
138430,ALIKADAM CANTONMENT PUBLIC SCHOOL
138444,RAMAKREE HIGH SCHOOL
138445,THANCHI GIRLS HIGH SCHOOL
138639,BELCHHARI JUNIOR HIGH SCHOOL
138671,SHAIMUM SARWAR KAMAL HIGH SCHOOL
138711,MASTER MONSOF ALI JAHANARA BEGUM SECONDARY GIRLS SCHOOL
138722,UJANTIA JUNIOR HIGH SCHOOL
138727,SAJINA CHOWDHURY HIGH SCHOOL
138732,MATIRANGA RESIDENTIAL SCHOOL
138737,GUNNERS ENGLISH SCHOOL
138745,TOITONG EQRA SCHOOL & COLLEGE
138750,CHANKHULA MODEL HIGH SCHOOL
138751,BHAIBONCHARA GIRLS HIGH SCHOOL
138764,JARULCHARI HEADMAN PARA HIGH SCHOOL
138768,MATARBARI IDEAL SCHOOL (GIRLS)
138793,MASTER TALEB ULLAH MODEL SCHOOL & COLLEGE
138794,HAJEE SIDDIQIA MODEL HIGH SCHOOL
138801,FULKI SAHAJPATH BIDYALOY
138803,HAJACHARA JORABRIDGEJUNIOR HIGH SCHOOL
138820,LIMELIGHT GRAMMAR SCHOOL
138822,BAINNACHOLA - MANIKPUR HIGH SCHOOL
138862,TARABANIA HIGH SCHOOL
138865,JAISTHAPURA NIRUBALA CHOWDHURY ACADEMY
138866,Bodiul Alam Model High School and College
138867,JANARKHIL JATIYA GRIHAYAN KOTRIPOKKHO HIGH SCHOOL
138876,SAJEK GANGARAM HIGH SCHOOL
138878,SHIJAK DAJAR BAZAR JUNIOR SCHOOL
138881,HAZEE ABUL HOSSEN -NUR NAHAR HIGH SCHOOL
138895,SHAHEED ATM JAFOR ALAM SCHOOL AND COLLEGE
138948,REJU BOROITOLI HIGH SCHOOL
138956,PANIR CHARA SHD MODEL HIGH SCHOOL
138957,PATHARGHATA CITY CORPORATION BOYS HIGH SCHOOL
138961,HUDUKCHARI JUNIOR HIGH SCHOOL
138987,ST. TERESA S SCHOOL
138994,HAZAR MANIK HIGH SCHOOL
139007,MAWRUM IDEAL HIGH SCHOOL
139013,PATENGA SEA VIEW PUBLIC SCHOOL
139025,MAIS CHHARI IDEAL SCHOOL & COLLEGE
139026,DEWPOINT SCHOOL
139033,UDALIA HIGH SCHOOL
139039,World University Service (WUS) High School
139063,CHAKARIA CANTONMENT ENGLISH SCHOOL
139088,COXSBAZAR INTERNATIONAL SCHOOL
139091,CHITTAGONG INTERNATIONAL SCHOOL
139116,GARJANIA ADARSHA SHIKKHANIKETON
139148,SHAHANSAH SYED ZIAUL HUQ MAIZBHANDARI HIGH SCHOOL
139197,SIR MAURICE BROWN INTERNATIONAL SCHOOL
139204,ASHSHEFA SCHOOL AND COLLEGE
139231,CDDL NAVY SCHOOL
139242,UTTAR NISCHINTAPUR NUR SAFA MEMORIAL HIGH SCHOOL
139260,HOLY CHILD SCHOOL
139272,LEADERS SCHOOL & COLLEGE CHATTOGRAM
139273,BOALKHALI ALHAJ AHMED HOSSEN CHOWDHURY ANOWARA BEGUM CHOWDHURY COLLEGIATE GIRLS HIGH SCHOOL
139288,BARAIYAHAT POURA BOHUMUKHI HIGH SCHOOL
139296,OXFORD INTERNATIONAL SCHOOL
139373,SHAPLA KURI SECONDARY SCHOOL
139393,GARITANA JUNIOR HIGH SCHOOL
139402,CANTONMENT PUBLIC SCHOOL AND COLLEGE BANGLADESH MILITARY ACADEMY
139411,BURHANI BSRM SCHOOL
139447,PEKUA IDEAL HIGH SCHOOL
139449,PATABARI HIGH SCHOOL
139471,SIMANTO PROHORI ADARSH JUNIOR HIGH SCHOOL
139472,BANDARBAN POLICE LINES SCHOOL
139482,TAUHIDUL ANOWAR HIGH SCHOOL
139567,BOGAKHALI JUNIOR HIGH SCHOOL
139665,PEKUA HIGH SCHOOL
139721,UTTAR BOROBIL HIGH SCHOOL
139724,DEBOLCHHARI BAZAR PARA HIGH SCHOOL
139728,P M KHALI GIRLS HIGH SCHOOL
139746,GACHBARIA P.P.S MODEL HIGH SCHOOL
139807,TAYEEBA GIRLS ISLAMIC SCHOOL & COLLEGE
139904,RUMKHA TRIROTNO HIGH SCHOOL
139906,KUSALAYAN HIGH SCHOOL
139907,CHAKBOITHA HIGH SCHOOL
139921,DR RAFIQUE JAHAN MAHMOOD GIRLS HIGH SCHOOL
139927,MANIKCHARI ENGLISH SCHOOL
139929,BALONG HAMRI JUNIOR HIGH SCHOOL
139931,MORICHA PALONG IDEAL HIGH SCHOOL
139932,UMKHALI ADVOCATE M.AMIR HOSSAIN HIGH SCHOOL
139933,JYOTISEN HIGH SCHOOL
139944,SAJEDA ALAM BIDYANIKETAN
139945,HOLY CARE MODEL HIGH SCHOOL
139946,BHAIBONCHARA IDEAL SCHOOL
139951,ORBIT RESIDENTIAL SCHOOL
139955,S.RAHMAN IDEAL SCHOOL
139956,SHAHIDUR RAHMAN CHOWDHURY HIGHSCHOOL
139962,SHOVONCHARI HIGH SCHOOL
139964,BEACH PUBLIC SCHOOL AND COLLEGE
139969,KALABUNIA HIGH SCHOOL
139970,ROWSHAN FERDOUS GIRLS SCHOOL AND COLLEGE
139982,KAYANGHAT JUNIOR HIGH SCHOOL
140061,choto maheshkhali bahumukhi model high school
140291,UPAKULIO ADARSHA SHIKKHA NIKETON
140294,SRIJONY MADHYAMIK VIDYALAY
140295,BAILLYACHARI HIGH SCHOOL
140315,SHALBON SCHOOL AND COLLEGE
140330,PINNACLE CHARTERED SCHOOL AND COLLEGE
140381,SUNDARPUR HIGH SCHOOL